{
  "validation": {
    "order_count": {
      "mae": 4.2199861838572615e-14,
      "rmse": 6.002898508424552e-14
    },
    "item_count": {
      "mae": 3.052016347153828,
      "rmse": 3.875018661116174
    },
    "subtotal": {
      "mae": 302.1467608223169,
      "rmse": 403.2081083926313
    },
    "discount_total": {
      "mae": 91.39428810823112,
      "rmse": 137.79520807911993
    },
    "revenue": {
      "mae": 302.1467608223169,
      "rmse": 403.2081083926312
    },
    "overall_mae": 139.74796522000375,
    "overall_rmse": 189.61728870509972
  },
  "test": {
    "order_count": {
      "mae": 4.2454928461665984e-14,
      "rmse": 5.60666609079498e-14
    },
    "item_count": {
      "mae": 2.489101887055142,
      "rmse": 3.198292402385191
    },
    "subtotal": {
      "mae": 324.4452707923627,
      "rmse": 438.1491597460452
    },
    "discount_total": {
      "mae": 76.76648815437855,
      "rmse": 97.207011051543
    },
    "revenue": {
      "mae": 324.4452707923627,
      "rmse": 438.14915974604526
    },
    "overall_mae": 145.62922632523183,
    "overall_rmse": 195.34072458920372
  }
}