{
  "validation": {
    "order_count": {
      "mae": 1.1404517704517705,
      "rmse": 1.4354064996689333
    },
    "item_count": {
      "mae": 3.6255189255189255,
      "rmse": 4.57912604764221
    },
    "subtotal": {
      "mae": 423.78742576312607,
      "rmse": 573.0896425123087
    },
    "discount_total": {
      "mae": 98.65241953601954,
      "rmse": 137.99183256081326
    },
    "revenue": {
      "mae": 430.97207130647155,
      "rmse": 581.4794842287416
    },
    "overall_mae": 191.63557746031756,
    "overall_rmse": 259.71509836983495
  },
  "test": {
    "order_count": {
      "mae": 1.1635555555555555,
      "rmse": 1.501078460044603
    },
    "item_count": {
      "mae": 3.6195555555555563,
      "rmse": 4.943202440763514
    },
    "subtotal": {
      "mae": 480.22839851851984,
      "rmse": 700.3668038269817
    },
    "discount_total": {
      "mae": 87.54378074074073,
      "rmse": 114.03615557896138
    },
    "revenue": {
      "mae": 486.83579925925824,
      "rmse": 714.0877634147438
    },
    "overall_mae": 211.87821792592598,
    "overall_rmse": 306.987000744299
  }
}